checkout_id,member_id,book_id,checkout_date,return_date,title,author,genre,pages,publication_year,publisher,first_name,last_name,grade,neighborhood,membership_status,join_date
9263.0,1047,517,2024-10-21,2024-11-07,Shadows On The Corniche,Hani Nagati,Mystery,338,2015.0,Delta House,Sara,Rashad,9.0,Heliopolis,Inactive,2024-06-25
9340.0,1072,513,2025-08-24,2025-09-01,Circuits For Beginners,Galal Mounir,Science,294,2021.0,Oasis Books,Seif,Zaki,9.0,Zamalek,Active,2025-10-21
9231.0,1053,523,2024-02-04,2024-02-16,Footsteps In The Dust,Laila Shokry,Historical,276,2018.0,Oasis Books,Adam,Shafik,9.0,Heliopolis,Active,2024-01-03
9129.0,1032,513,2025-06-21,2025-06-29,Circuits For Beginners,Galal Mounir,Science,294,2021.0,Oasis Books,Nada,Zaki,7.0,Nasr City,Active,2025-10-19
9370.0,1079,511,2025-11-11,2025-12-03,Winter In Alexandria,Farida Anwar,Historical,117,2016.0,Nile Press,Rana,Osman,8.0,Shubra,Active,2024-10-27
9082.0,1010,528,2025-11-11,2025-11-18,The Glass Beehive,Mona Kholoussy,Nature,114,2010.0,Delta House,Nour,Nabil,6.0,Maadi,Active,2024-05-15
9238.0,1057,513,2024-03-28,2024-04-08,Circuits For Beginners,Galal Mounir,Science,294,2021.0,Oasis Books,Ahmed,Fahmy,8.0,Heliopolis,Active,2024-01-12
9012.0,1010,501,2025-02-17,Not Returned Yet,The Silver Kite,Amina Darwish,Adventure,128,2017.0,Nile Press,Nour,Nabil,6.0,Maadi,Active,2024-05-15
9127.0,1024,506,2025-06-13,Not Returned Yet,The Paper Boat Club,Aya Hafez,Friendship,183,2024.0,Nile Press,Youssef,Hegazy,8.0,Nasr City,Inactive,2024-01-04
9020.0,1016,506,2024-04-15,2024-05-04,The Paper Boat Club,Aya Hafez,Friendship,183,2024.0,Nile Press,Dina,Rashad,8.0,Maadi,Active,2023-04-24
9208.0,1044,525,2024-07-10,2024-08-01,Storms And Sailboats,Mahmoud Rafei,Adventure,297,2015.0,Oasis Books,Sherif,Saleh,7.0,Heliopolis,Active,2024-02-19
9319.0,1065,515,2025-02-10,2025-02-21,Songs Of The Oasis,Hoda Bakry,Poetry,316,2022.0,Cairo Young Readers,Adam,Fahmy,6.0,Zamalek,Active,2025-07-12
9097.0,1018,501,2025-10-05,2025-10-14,The Silver Kite,Amina Darwish,Adventure,128,2017.0,Nile Press,Ahmed,Shafik,9.0,Maadi,Active,2023-01-28
9137.0,1041,519,2025-07-27,2025-08-05,Kites Over Cairo,Jasmine Wahdan,Friendship,157,2014.0,Nile Press,Nada,Rashad,7.0,Nasr City,Active,2024-04-02
9157.0,1032,525,2024-03-04,2024-04-03,Storms And Sailboats,Mahmoud Rafei,Adventure,297,2015.0,Oasis Books,Nada,Zaki,7.0,Nasr City,Active,2025-10-19
9383.0,1070,501,2024-07-11,2024-07-31,The Silver Kite,Amina Darwish,Adventure,128,2017.0,Nile Press,Ahmed,Zaki,9.0,Zamalek,Active,2025-07-22
9131.0,1034,505,2025-12-16,2025-12-25,Letters To The Nile,Aya Hafez,Historical,216,2024.0,Oasis Books,Aya,Wahba,9.0,Nasr City,Active,2025-01-22
9113.0,1027,507,2024-06-26,2024-07-08,Fossils And Fireflies,Dalia Serry,Science,160,2024.0,Nile Press,Mostafa,Fouad,9.0,Nasr City,Active,2023-09-25
9144.0,1024,501,2025-11-07,2025-11-25,The Silver Kite,Amina Darwish,Adventure,128,2017.0,Nile Press,Youssef,Hegazy,8.0,Nasr City,Inactive,2024-01-04
9005.0,1008,513,2025-04-20,2025-04-29,Circuits For Beginners,Galal Mounir,Science,294,2021.0,Oasis Books,Ziad,Saleh,8.0,Maadi,Active,2025-10-28
9272.0,1044,518,2025-01-24,2025-02-04,The Ninth Lighthouse,Hani Nagati,Adventure,163,2011.0,Delta House,Sherif,Saleh,7.0,Heliopolis,Active,2024-02-19
9283.0,1072,513,2025-09-17,2025-09-25,Circuits For Beginners,Galal Mounir,Science,294,2021.0,Oasis Books,Seif,Zaki,9.0,Zamalek,Active,2025-10-21
9030.0,1018,507,2025-03-09,Not Returned Yet,Fossils And Fireflies,Dalia Serry,Science,160,2024.0,Nile Press,Ahmed,Shafik,9.0,Maadi,Active,2023-01-28
9291.0,1065,526,2024-03-25,2024-03-31,The Clockwork Orchard,Mahmoud Rafei,Science Fiction,125,2016.0,Delta House,Adam,Fahmy,6.0,Zamalek,Active,2025-07-12
9369.0,1076,501,2025-06-05,Not Returned Yet,The Silver Kite,Amina Darwish,Adventure,128,2017.0,Nile Press,Dina,Wahba,7.0,Shubra,Active,2025-12-13
9225.0,1059,516,2025-08-06,2025-08-22,The Beekeeper'S Almanac,Hoda Bakry,Nature,241,2010.0,Nile Press,Lina,Halim,7.0,Heliopolis,Active,2024-01-06
9256.0,1059,521,2025-07-09,Not Returned Yet,A Garden Of Equations,Karim Elwy,Science,211,2024.0,Cairo Young Readers,Lina,Halim,7.0,Heliopolis,Active,2024-01-06
9234.0,1053,525,2024-02-13,2024-03-06,Storms And Sailboats,Mahmoud Rafei,Adventure,297,2015.0,Oasis Books,Adam,Shafik,9.0,Heliopolis,Active,2024-01-03
9152.0,1030,525,2025-01-03,Not Returned Yet,Storms And Sailboats,Mahmoud Rafei,Adventure,297,2015.0,Oasis Books,Reem,Osman,9.0,Nasr City,Active,2025-04-01
9063.0,1018,515,2024-10-22,Not Returned Yet,Songs Of The Oasis,Hoda Bakry,Poetry,316,2022.0,Cairo Young Readers,Ahmed,Shafik,9.0,Maadi,Active,2023-01-28
9161.0,1040,519,2025-10-11,2025-11-01,Kites Over Cairo,Jasmine Wahdan,Friendship,157,2014.0,Nile Press,Dina,Adel,9.0,Nasr City,Active,2025-12-26
9206.0,1050,519,2024-03-17,Not Returned Yet,Kites Over Cairo,Jasmine Wahdan,Friendship,157,2014.0,Nile Press,Fares,Adel,6.0,Heliopolis,Inactive,2025-09-10
9031.0,1020,530,2025-12-28,2026-01-05,The Sandstone Key,Sara Tantawy,Adventure,208,2012.0,Oasis Books,Rana,Fouad,6.0,Maadi,Active,2025-12-04
9189.0,1032,507,2025-12-08,2025-12-16,Fossils And Fireflies,Dalia Serry,Science,160,2024.0,Nile Press,Nada,Zaki,7.0,Nasr City,Active,2025-10-19
9288.0,1065,519,2025-03-20,2025-03-31,Kites Over Cairo,Jasmine Wahdan,Friendship,157,2014.0,Nile Press,Adam,Fahmy,6.0,Zamalek,Active,2025-07-12
9236.0,1052,507,2024-09-02,2024-09-29,Fossils And Fireflies,Dalia Serry,Science,160,2024.0,Nile Press,Retaj,Adel,7.0,Heliopolis,Active,2025-06-07
9360.0,1077,520,2024-03-04,2024-03-16,The Copper Telescope,Jasmine Wahdan,Science Fiction,136,2009.0,Oasis Books,Lina,Rashad,6.0,Shubra,Active,2023-07-08
9111.0,1027,510,2024-09-12,2024-10-03,The Missing Metronome,Diaa Sultan,Mystery,134,2013.0,Cairo Young Readers,Mostafa,Fouad,9.0,Nasr City,Active,2023-09-25
9342.0,1068,501,2025-05-28,2025-06-27,The Silver Kite,Amina Darwish,Adventure,128,2017.0,Nile Press,Layla,Hegazy,8.0,Zamalek,Inactive,2025-02-24
9380.0,1022,513,2024-04-22,2024-04-28,Circuits For Beginners,Galal Mounir,Science,294,2021.0,Oasis Books,Youssef,Fouad,7.0,Maadi,Active,2025-02-28
9302.0,1061,507,2024-06-22,Not Returned Yet,Fossils And Fireflies,Dalia Serry,Science,160,2024.0,Nile Press,Ziad,Fahmy,9.0,Zamalek,Inactive,2023-04-27
9173.0,1027,532,2025-03-10,2025-04-06,The Last Bookmark,Samir Zohdy,Friendship,337,2017.0,Oasis Books,Mostafa,Fouad,9.0,Nasr City,Active,2023-09-25
9019.0,1014,513,2024-03-06,2024-03-23,Circuits For Beginners,Galal Mounir,Science,294,2021.0,Oasis Books,Habiba,Nabil,6.0,Maadi,Active,2024-07-09
9143.0,1024,518,2025-10-02,Not Returned Yet,The Ninth Lighthouse,Hani Nagati,Adventure,163,2011.0,Delta House,Youssef,Hegazy,8.0,Nasr City,Inactive,2024-01-04
9222.0,1050,505,2024-01-09,2024-02-01,Letters To The Nile,Aya Hafez,Historical,216,2024.0,Oasis Books,Fares,Adel,6.0,Heliopolis,Inactive,2025-09-10
9101.0,1020,532,2025-05-25,2025-06-15,The Last Bookmark,Samir Zohdy,Friendship,337,2017.0,Oasis Books,Rana,Fouad,6.0,Maadi,Active,2025-12-04
9316.0,1065,513,2024-08-25,2024-09-17,Circuits For Beginners,Galal Mounir,Science,294,2021.0,Oasis Books,Adam,Fahmy,6.0,Zamalek,Active,2025-07-12
9148.0,1027,532,2025-07-05,2025-07-26,The Last Bookmark,Samir Zohdy,Friendship,337,2017.0,Oasis Books,Mostafa,Fouad,9.0,Nasr City,Active,2023-09-25
9070.0,1018,513,2025-01-08,2025-02-01,Circuits For Beginners,Galal Mounir,Science,294,2021.0,Oasis Books,Ahmed,Shafik,9.0,Maadi,Active,2023-01-28
9139.0,1036,521,2024-03-14,2024-03-20,A Garden Of Equations,Karim Elwy,Science,211,2024.0,Cairo Young Readers,Lina,Zaki,7.0,Nasr City,Active,2025-08-05
9043.0,1005,505,2024-01-26,2024-02-04,Letters To The Nile,Aya Hafez,Historical,216,2024.0,Oasis Books,Youssef,Halim,9.0,Maadi,Active,2024-05-05
9187.0,1034,502,2024-08-11,Not Returned Yet,Desert Compass,Amina Darwish,Adventure,109,2018.0,Delta House,Aya,Wahba,9.0,Nasr City,Active,2025-01-22
9269.0,1054,507,2025-01-26,2025-01-31,Fossils And Fireflies,Dalia Serry,Science,160,2024.0,Nile Press,Retaj,Fahmy,6.0,Heliopolis,Inactive,2024-03-21
9056.0,1010,519,2025-07-11,2025-07-27,Kites Over Cairo,Jasmine Wahdan,Friendship,157,2014.0,Nile Press,Nour,Nabil,6.0,Maadi,Active,2024-05-15
9057.0,1020,519,2025-02-03,Not Returned Yet,Kites Over Cairo,Jasmine Wahdan,Friendship,157,2014.0,Nile Press,Rana,Fouad,6.0,Maadi,Active,2025-12-04
9140.0,1034,513,2025-03-06,2025-04-02,Circuits For Beginners,Galal Mounir,Science,294,2021.0,Oasis Books,Aya,Wahba,9.0,Nasr City,Active,2025-01-22
9209.0,1058,525,2024-11-22,2024-12-12,Storms And Sailboats,Mahmoud Rafei,Adventure,297,2015.0,Oasis Books,Lina,Mansour,8.0,Heliopolis,Active,2025-07-20
9249.0,1057,519,2024-10-17,2024-11-03,Kites Over Cairo,Jasmine Wahdan,Friendship,157,2014.0,Nile Press,Ahmed,Fahmy,8.0,Heliopolis,Active,2024-01-12
9058.0,1006,501,2025-03-18,2025-04-09,The Silver Kite,Amina Darwish,Adventure,128,2017.0,Nile Press,Layla,Mansour,6.0,Maadi,Inactive,2024-02-12
9366.0,1079,503,2024-06-23,2024-07-23,The Lantern Maker,Adel Roushdy,Historical,259,2024.0,Nile Press,Rana,Osman,8.0,Shubra,Active,2024-10-27
9218.0,1044,532,2025-04-23,2025-05-04,The Last Bookmark,Samir Zohdy,Friendship,337,2017.0,Oasis Books,Sherif,Saleh,7.0,Heliopolis,Active,2024-02-19
9355.0,1075,515,2024-11-10,2024-12-02,Songs Of The Oasis,Hoda Bakry,Poetry,316,2022.0,Cairo Young Readers,Malak,Fahmy,7.0,Shubra,Active,2024-10-28
9205.0,1053,525,2024-12-02,2024-12-14,Storms And Sailboats,Mahmoud Rafei,Adventure,297,2015.0,Oasis Books,Adam,Shafik,9.0,Heliopolis,Active,2024-01-03
9025.0,1001,525,2024-10-24,2024-11-07,Storms And Sailboats,Mahmoud Rafei,Adventure,297,2015.0,Oasis Books,Salma,Ibrahim,8.0,Maadi,Active,2023-04-05
9124.0,1024,525,2025-10-14,2025-11-13,Storms And Sailboats,Mahmoud Rafei,Adventure,297,2015.0,Oasis Books,Youssef,Hegazy,8.0,Nasr City,Inactive,2024-01-04
9034.0,1015,511,2025-10-13,Not Returned Yet,Winter In Alexandria,Farida Anwar,Historical,117,2016.0,Nile Press,Hamza,Sabry,7.0,Maadi,Inactive,2025-08-13
9181.0,1041,509,2025-03-24,Not Returned Yet,Marbles And Mirrors,Diaa Sultan,Mystery,221,2011.0,Nile Press,Nada,Rashad,7.0,Nasr City,Active,2024-04-02
9171.0,1027,507,2025-05-23,2025-06-19,Fossils And Fireflies,Dalia Serry,Science,160,2024.0,Nile Press,Mostafa,Fouad,9.0,Nasr City,Active,2023-09-25
9318.0,1067,513,2025-07-23,2025-08-17,Circuits For Beginners,Galal Mounir,Science,294,2021.0,Oasis Books,Aya,Ibrahim,7.0,Zamalek,Inactive,2024-07-03
9296.0,1065,501,2024-12-15,2025-01-11,The Silver Kite,Amina Darwish,Adventure,128,2017.0,Nile Press,Adam,Fahmy,6.0,Zamalek,Active,2025-07-12
9348.0,1075,532,2024-07-28,2024-08-25,The Last Bookmark,Samir Zohdy,Friendship,337,2017.0,Oasis Books,Malak,Fahmy,7.0,Shubra,Active,2024-10-28
9141.0,1027,529,2025-02-09,2025-03-03,Riddles Of The Red Sea,Sara Tantawy,Mystery,298,2024.0,Cairo Young Readers,Mostafa,Fouad,9.0,Nasr City,Active,2023-09-25
9094.0,1022,527,2024-11-22,2024-12-08,Notes From The Delta,Mona Kholoussy,Nature,328,2017.0,Delta House,Youssef,Fouad,7.0,Maadi,Active,2025-02-28
9280.0,1054,517,2024-09-06,2024-09-15,Shadows On The Corniche,Hani Nagati,Mystery,338,2015.0,Delta House,Retaj,Fahmy,6.0,Heliopolis,Inactive,2024-03-21
9211.0,1044,507,2025-04-28,2025-05-25,Fossils And Fireflies,Dalia Serry,Science,160,2024.0,Nile Press,Sherif,Saleh,7.0,Heliopolis,Active,2024-02-19
9294.0,1067,507,2024-11-26,Not Returned Yet,Fossils And Fireflies,Dalia Serry,Science,160,2024.0,Nile Press,Aya,Ibrahim,7.0,Zamalek,Inactive,2024-07-03
9372.0,1076,519,2025-03-06,2025-04-02,Kites Over Cairo,Jasmine Wahdan,Friendship,157,2014.0,Nile Press,Dina,Wahba,7.0,Shubra,Active,2025-12-13
9112.0,1031,521,2024-07-28,2024-08-22,A Garden Of Equations,Karim Elwy,Science,211,2024.0,Cairo Young Readers,Ali,Fahmy,8.0,Nasr City,Active,2023-09-08
9001.0,1008,501,2025-08-23,2025-08-28,The Silver Kite,Amina Darwish,Adventure,128,2017.0,Nile Press,Ziad,Saleh,8.0,Maadi,Active,2025-10-28
9328.0,1070,501,2024-01-28,Not Returned Yet,The Silver Kite,Amina Darwish,Adventure,128,2017.0,Nile Press,Ahmed,Zaki,9.0,Zamalek,Active,2025-07-22
9075.0,1018,510,2024-07-01,Not Returned Yet,The Missing Metronome,Diaa Sultan,Mystery,134,2013.0,Cairo Young Readers,Ahmed,Shafik,9.0,Maadi,Active,2023-01-28
9149.0,1032,507,2025-02-09,2025-02-18,Fossils And Fireflies,Dalia Serry,Science,160,2024.0,Nile Press,Nada,Zaki,7.0,Nasr City,Active,2025-10-19
9165.0,1030,519,2025-03-27,2025-04-02,Kites Over Cairo,Jasmine Wahdan,Friendship,157,2014.0,Nile Press,Reem,Osman,9.0,Nasr City,Active,2025-04-01
9255.0,1044,509,2025-05-24,2025-06-13,Marbles And Mirrors,Diaa Sultan,Mystery,221,2011.0,Nile Press,Sherif,Saleh,7.0,Heliopolis,Active,2024-02-19
9304.0,1068,519,2024-04-16,2024-05-09,Kites Over Cairo,Jasmine Wahdan,Friendship,157,2014.0,Nile Press,Layla,Hegazy,8.0,Zamalek,Inactive,2025-02-24
9322.0,1061,510,2025-10-20,2025-11-15,The Missing Metronome,Diaa Sultan,Mystery,134,2013.0,Cairo Young Readers,Ziad,Fahmy,9.0,Zamalek,Inactive,2023-04-27
9317.0,1061,507,2024-01-26,2024-02-09,Fossils And Fireflies,Dalia Serry,Science,160,2024.0,Nile Press,Ziad,Fahmy,9.0,Zamalek,Inactive,2023-04-27
9271.0,1044,513,2025-04-26,2025-05-06,Circuits For Beginners,Galal Mounir,Science,294,2021.0,Oasis Books,Sherif,Saleh,7.0,Heliopolis,Active,2024-02-19
9186.0,1034,516,2025-07-17,2025-08-03,The Beekeeper'S Almanac,Hoda Bakry,Nature,241,2010.0,Nile Press,Aya,Wahba,9.0,Nasr City,Active,2025-01-22
9333.0,1072,520,2025-06-03,2025-06-08,The Copper Telescope,Jasmine Wahdan,Science Fiction,136,2009.0,Oasis Books,Seif,Zaki,9.0,Zamalek,Active,2025-10-21
9188.0,1023,507,2025-05-11,2025-06-08,Fossils And Fireflies,Dalia Serry,Science,160,2024.0,Nile Press,Hassan,Rashad,8.0,Nasr City,Inactive,Unknown
9371.0,1079,528,2025-04-22,2025-05-02,The Glass Beehive,Mona Kholoussy,Nature,114,2010.0,Delta House,Rana,Osman,8.0,Shubra,Active,2024-10-27
9036.0,1010,515,2024-11-27,2024-12-24,Songs Of The Oasis,Hoda Bakry,Poetry,316,2022.0,Cairo Young Readers,Nour,Nabil,6.0,Maadi,Active,2024-05-15
9163.0,1034,531,2025-12-28,2026-01-02,Voices In The Library,Samir Zohdy,Friendship,272,2018.0,Oasis Books,Aya,Wahba,9.0,Nasr City,Active,2025-01-22
9091.0,1008,525,2024-06-03,2024-06-12,Storms And Sailboats,Mahmoud Rafei,Adventure,297,2015.0,Oasis Books,Ziad,Saleh,8.0,Maadi,Active,2025-10-28
9092.0,1019,507,2025-03-20,2025-03-27,Fossils And Fireflies,Dalia Serry,Science,160,2024.0,Nile Press,Mostafa,Wahba,6.0,Maadi,Inactive,2024-07-20
9040.0,1016,529,2025-01-23,2025-02-11,Riddles Of The Red Sea,Sara Tantawy,Mystery,298,2024.0,Cairo Young Readers,Dina,Rashad,8.0,Maadi,Active,2023-04-24
9376.0,1024,518,2025-10-22,2025-11-04,The Ninth Lighthouse,Hani Nagati,Adventure,163,2011.0,Delta House,Youssef,Hegazy,8.0,Nasr City,Inactive,2024-01-04
9033.0,1020,522,2025-02-26,2025-03-11,The Puzzle Merchant,Karim Elwy,Mystery,104,2016.0,Cairo Young Readers,Rana,Fouad,6.0,Maadi,Active,2025-12-04
9341.0,1065,516,2025-02-19,2025-03-09,The Beekeeper'S Almanac,Hoda Bakry,Nature,241,2010.0,Nile Press,Adam,Fahmy,6.0,Zamalek,Active,2025-07-12
9247.0,1044,510,2025-02-01,2025-02-23,The Missing Metronome,Diaa Sultan,Mystery,134,2013.0,Cairo Young Readers,Sherif,Saleh,7.0,Heliopolis,Active,2024-02-19
9184.0,1026,501,2024-12-15,2025-01-11,The Silver Kite,Amina Darwish,Adventure,128,2017.0,Nile Press,Nada,Saleh,7.0,Nasr City,Inactive,2023-11-16
9228.0,1044,516,2024-12-05,2024-12-26,The Beekeeper'S Almanac,Hoda Bakry,Nature,241,2010.0,Nile Press,Sherif,Saleh,7.0,Heliopolis,Active,2024-02-19
9331.0,1065,525,2025-02-17,2025-02-23,Storms And Sailboats,Mahmoud Rafei,Adventure,297,2015.0,Oasis Books,Adam,Fahmy,6.0,Zamalek,Active,2025-07-12
9207.0,1044,527,2025-10-20,2025-11-04,Notes From The Delta,Mona Kholoussy,Nature,328,2017.0,Delta House,Sherif,Saleh,7.0,Heliopolis,Active,2024-02-19
9323.0,1072,519,2024-01-23,2024-01-28,Kites Over Cairo,Jasmine Wahdan,Friendship,157,2014.0,Nile Press,Seif,Zaki,9.0,Zamalek,Active,2025-10-21
9337.0,1072,529,2024-11-13,Not Returned Yet,Riddles Of The Red Sea,Sara Tantawy,Mystery,298,2024.0,Cairo Young Readers,Seif,Zaki,9.0,Zamalek,Active,2025-10-21
9326.0,1062,501,2024-08-15,2024-08-21,The Silver Kite,Amina Darwish,Adventure,128,2017.0,Nile Press,Tarek,Adel,7.0,Zamalek,Active,2023-01-22
9128.0,1024,501,2025-06-12,2025-06-19,The Silver Kite,Amina Darwish,Adventure,128,2017.0,Nile Press,Youssef,Hegazy,8.0,Nasr City,Inactive,2024-01-04
9123.0,1027,511,2025-03-23,2025-04-11,Winter In Alexandria,Farida Anwar,Historical,117,2016.0,Nile Press,Mostafa,Fouad,9.0,Nasr City,Active,2023-09-25
9003.0,1015,501,2024-08-04,2024-08-13,The Silver Kite,Amina Darwish,Adventure,128,2017.0,Nile Press,Hamza,Sabry,7.0,Maadi,Inactive,2025-08-13
9066.0,1005,513,2025-07-15,2025-07-31,Circuits For Beginners,Galal Mounir,Science,294,2021.0,Oasis Books,Youssef,Halim,9.0,Maadi,Active,2024-05-05
9053.0,1008,516,2025-07-20,2025-08-08,The Beekeeper'S Almanac,Hoda Bakry,Nature,241,2010.0,Nile Press,Ziad,Saleh,8.0,Maadi,Active,2025-10-28
9052.0,1019,501,2024-06-20,2024-06-29,The Silver Kite,Amina Darwish,Adventure,128,2017.0,Nile Press,Mostafa,Wahba,6.0,Maadi,Inactive,2024-07-20
9162.0,1030,519,2025-08-27,2025-09-11,Kites Over Cairo,Jasmine Wahdan,Friendship,157,2014.0,Nile Press,Reem,Osman,9.0,Nasr City,Active,2025-04-01
9027.0,1018,519,2024-11-04,Not Returned Yet,Kites Over Cairo,Jasmine Wahdan,Friendship,157,2014.0,Nile Press,Ahmed,Shafik,9.0,Maadi,Active,2023-01-28
9194.0,1024,513,2024-09-17,2024-10-09,Circuits For Beginners,Galal Mounir,Science,294,2021.0,Oasis Books,Youssef,Hegazy,8.0,Nasr City,Inactive,2024-01-04
9120.0,1034,526,2025-06-06,2025-06-26,The Clockwork Orchard,Mahmoud Rafei,Science Fiction,125,2016.0,Delta House,Aya,Wahba,9.0,Nasr City,Active,2025-01-22
9182.0,1037,525,2024-05-19,2024-06-03,Storms And Sailboats,Mahmoud Rafei,Adventure,297,2015.0,Oasis Books,Retaj,Kamel,9.0,Nasr City,Inactive,2023-08-26
9241.0,1059,519,2025-01-04,2025-01-11,Kites Over Cairo,Jasmine Wahdan,Friendship,157,2014.0,Nile Press,Lina,Halim,7.0,Heliopolis,Active,2024-01-06
9172.0,1030,513,2025-05-04,2025-05-26,Circuits For Beginners,Galal Mounir,Science,294,2021.0,Oasis Books,Reem,Osman,9.0,Nasr City,Active,2025-04-01
9193.0,1034,519,2024-09-15,2024-10-01,Kites Over Cairo,Jasmine Wahdan,Friendship,157,2014.0,Nile Press,Aya,Wahba,9.0,Nasr City,Active,2025-01-22
9100.0,1010,513,2025-08-27,2025-09-22,Circuits For Beginners,Galal Mounir,Science,294,2021.0,Oasis Books,Nour,Nabil,6.0,Maadi,Active,2024-05-15
9227.0,1059,513,2024-11-02,2024-11-20,Circuits For Beginners,Galal Mounir,Science,294,2021.0,Oasis Books,Lina,Halim,7.0,Heliopolis,Active,2024-01-06
9110.0,1030,506,2024-05-14,2024-05-30,The Paper Boat Club,Aya Hafez,Friendship,183,2024.0,Nile Press,Reem,Osman,9.0,Nasr City,Active,2025-04-01
9021.0,1008,501,2025-05-22,2025-05-29,The Silver Kite,Amina Darwish,Adventure,128,2017.0,Nile Press,Ziad,Saleh,8.0,Maadi,Active,2025-10-28
9007.0,1008,507,2025-03-15,2025-03-31,Fossils And Fireflies,Dalia Serry,Science,160,2024.0,Nile Press,Ziad,Saleh,8.0,Maadi,Active,2025-10-28
9365.0,1075,501,2024-01-17,2024-02-01,The Silver Kite,Amina Darwish,Adventure,128,2017.0,Nile Press,Malak,Fahmy,7.0,Shubra,Active,2024-10-28
9142.0,1027,516,2024-09-21,2024-10-14,The Beekeeper'S Almanac,Hoda Bakry,Nature,241,2010.0,Nile Press,Mostafa,Fouad,9.0,Nasr City,Active,2023-09-25
9073.0,1008,513,2025-02-13,Not Returned Yet,Circuits For Beginners,Galal Mounir,Science,294,2021.0,Oasis Books,Ziad,Saleh,8.0,Maadi,Active,2025-10-28
9024.0,1010,507,2025-01-27,2025-02-09,Fossils And Fireflies,Dalia Serry,Science,160,2024.0,Nile Press,Nour,Nabil,6.0,Maadi,Active,2024-05-15
9067.0,1008,507,2024-01-05,2024-01-29,Fossils And Fireflies,Dalia Serry,Science,160,2024.0,Nile Press,Ziad,Saleh,8.0,Maadi,Active,2025-10-28
9324.0,1061,529,2025-03-12,2025-04-10,Riddles Of The Red Sea,Sara Tantawy,Mystery,298,2024.0,Cairo Young Readers,Ziad,Fahmy,9.0,Zamalek,Inactive,2023-04-27
9250.0,1044,507,2025-08-05,2025-08-23,Fossils And Fireflies,Dalia Serry,Science,160,2024.0,Nile Press,Sherif,Saleh,7.0,Heliopolis,Active,2024-02-19
9090.0,1016,507,2025-02-18,2025-03-04,Fossils And Fireflies,Dalia Serry,Science,160,2024.0,Nile Press,Dina,Rashad,8.0,Maadi,Active,2023-04-24
9198.0,1027,524,2024-10-03,2024-10-19,The Weaver'S Daughter,Laila Shokry,Historical,114,2016.0,Cairo Young Readers,Mostafa,Fouad,9.0,Nasr City,Active,2023-09-25
9046.0,1022,513,2024-02-22,Not Returned Yet,Circuits For Beginners,Galal Mounir,Science,294,2021.0,Oasis Books,Youssef,Fouad,7.0,Maadi,Active,2025-02-28
9115.0,1034,502,2025-12-16,2026-01-15,Desert Compass,Amina Darwish,Adventure,109,2018.0,Delta House,Aya,Wahba,9.0,Nasr City,Active,2025-01-22
9310.0,1067,511,2024-02-04,2024-02-12,Winter In Alexandria,Farida Anwar,Historical,117,2016.0,Nile Press,Aya,Ibrahim,7.0,Zamalek,Inactive,2024-07-03
9357.0,1077,516,2024-07-26,2024-08-15,The Beekeeper'S Almanac,Hoda Bakry,Nature,241,2010.0,Nile Press,Lina,Rashad,6.0,Shubra,Active,2023-07-08
9286.0,1072,507,2024-08-09,2024-08-16,Fossils And Fireflies,Dalia Serry,Science,160,2024.0,Nile Press,Seif,Zaki,9.0,Zamalek,Active,2025-10-21
9354.0,1079,502,2024-03-09,2024-03-18,Desert Compass,Amina Darwish,Adventure,109,2018.0,Delta House,Rana,Osman,8.0,Shubra,Active,2024-10-27
9290.0,1065,519,2025-10-09,Not Returned Yet,Kites Over Cairo,Jasmine Wahdan,Friendship,157,2014.0,Nile Press,Adam,Fahmy,6.0,Zamalek,Active,2025-07-12
9257.0,1047,501,2024-10-18,2024-11-16,The Silver Kite,Amina Darwish,Adventure,128,2017.0,Nile Press,Sara,Rashad,9.0,Heliopolis,Inactive,2024-06-25
9261.0,1047,509,2025-09-02,2025-09-18,Marbles And Mirrors,Diaa Sultan,Mystery,221,2011.0,Nile Press,Sara,Rashad,9.0,Heliopolis,Inactive,2024-06-25
9119.0,1024,518,2025-02-26,2025-03-15,The Ninth Lighthouse,Hani Nagati,Adventure,163,2011.0,Delta House,Youssef,Hegazy,8.0,Nasr City,Inactive,2024-01-04
9313.0,1068,507,2024-12-13,2024-12-19,Fossils And Fireflies,Dalia Serry,Science,160,2024.0,Nile Press,Layla,Hegazy,8.0,Zamalek,Inactive,2025-02-24
9213.0,1050,501,2024-05-07,2024-05-14,The Silver Kite,Amina Darwish,Adventure,128,2017.0,Nile Press,Fares,Adel,6.0,Heliopolis,Inactive,2025-09-10
9051.0,1003,513,2025-07-22,2025-08-18,Circuits For Beginners,Galal Mounir,Science,294,2021.0,Oasis Books,Bassel,Hegazy,6.0,Maadi,Active,2025-04-23
9093.0,1008,507,2025-03-22,2025-04-19,Fossils And Fireflies,Dalia Serry,Science,160,2024.0,Nile Press,Ziad,Saleh,8.0,Maadi,Active,2025-10-28
9274.0,1054,522,2024-09-06,2024-09-17,The Puzzle Merchant,Karim Elwy,Mystery,104,2016.0,Cairo Young Readers,Retaj,Fahmy,6.0,Heliopolis,Inactive,2024-03-21
9292.0,1074,525,2024-12-28,2025-01-06,Storms And Sailboats,Mahmoud Rafei,Adventure,297,2015.0,Oasis Books,Mostafa,Saleh,8.0,Zamalek,Active,2025-11-21
9009.0,1022,506,2025-04-28,2025-05-04,The Paper Boat Club,Aya Hafez,Friendship,183,2024.0,Nile Press,Youssef,Fouad,7.0,Maadi,Active,2025-02-28
9064.0,1008,502,2025-06-12,2025-06-21,Desert Compass,Amina Darwish,Adventure,109,2018.0,Delta House,Ziad,Saleh,8.0,Maadi,Active,2025-10-28
9169.0,1030,513,2025-11-25,Not Returned Yet,Circuits For Beginners,Galal Mounir,Science,294,2021.0,Oasis Books,Reem,Osman,9.0,Nasr City,Active,2025-04-01
9358.0,1077,513,2025-07-09,2025-07-24,Circuits For Beginners,Galal Mounir,Science,294,2021.0,Oasis Books,Lina,Rashad,6.0,Shubra,Active,2023-07-08
9297.0,1065,501,2025-04-14,Not Returned Yet,The Silver Kite,Amina Darwish,Adventure,128,2017.0,Nile Press,Adam,Fahmy,6.0,Zamalek,Active,2025-07-12
9214.0,1058,525,2024-09-24,Not Returned Yet,Storms And Sailboats,Mahmoud Rafei,Adventure,297,2015.0,Oasis Books,Lina,Mansour,8.0,Heliopolis,Active,2025-07-20
9008.0,1010,520,2025-08-11,Not Returned Yet,The Copper Telescope,Jasmine Wahdan,Science Fiction,136,2009.0,Oasis Books,Nour,Nabil,6.0,Maadi,Active,2024-05-15
9237.0,1057,513,2024-02-22,Not Returned Yet,Circuits For Beginners,Galal Mounir,Science,294,2021.0,Oasis Books,Ahmed,Fahmy,8.0,Heliopolis,Active,2024-01-12
9303.0,1061,509,2025-12-23,2026-01-10,Marbles And Mirrors,Diaa Sultan,Mystery,221,2011.0,Nile Press,Ziad,Fahmy,9.0,Zamalek,Inactive,2023-04-27
9338.0,1072,501,2024-07-16,Not Returned Yet,The Silver Kite,Amina Darwish,Adventure,128,2017.0,Nile Press,Seif,Zaki,9.0,Zamalek,Active,2025-10-21
9343.0,1075,529,2024-10-04,2024-10-14,Riddles Of The Red Sea,Sara Tantawy,Mystery,298,2024.0,Cairo Young Readers,Malak,Fahmy,7.0,Shubra,Active,2024-10-28
9130.0,1024,503,2025-09-04,2025-09-17,The Lantern Maker,Adel Roushdy,Historical,259,2024.0,Nile Press,Youssef,Hegazy,8.0,Nasr City,Inactive,2024-01-04
9192.0,1027,519,2025-09-26,2025-10-07,Kites Over Cairo,Jasmine Wahdan,Friendship,157,2014.0,Nile Press,Mostafa,Fouad,9.0,Nasr City,Active,2023-09-25
9017.0,1018,519,2024-08-06,2024-08-11,Kites Over Cairo,Jasmine Wahdan,Friendship,157,2014.0,Nile Press,Ahmed,Shafik,9.0,Maadi,Active,2023-01-28
9266.0,1053,519,2024-06-01,2024-06-15,Kites Over Cairo,Jasmine Wahdan,Friendship,157,2014.0,Nile Press,Adam,Shafik,9.0,Heliopolis,Active,2024-01-03
9132.0,1035,511,2025-02-26,2025-03-13,Winter In Alexandria,Farida Anwar,Historical,117,2016.0,Nile Press,Karim,Fahmy,9.0,Nasr City,Inactive,2025-06-26
9015.0,1010,507,2025-09-02,2025-09-14,Fossils And Fireflies,Dalia Serry,Science,160,2024.0,Nile Press,Nour,Nabil,6.0,Maadi,Active,2024-05-15
9362.0,1079,507,2024-03-08,2024-04-07,Fossils And Fireflies,Dalia Serry,Science,160,2024.0,Nile Press,Rana,Osman,8.0,Shubra,Active,2024-10-27
9262.0,1054,524,2024-02-25,2024-03-22,The Weaver'S Daughter,Laila Shokry,Historical,114,2016.0,Cairo Young Readers,Retaj,Fahmy,6.0,Heliopolis,Inactive,2024-03-21
9336.0,1061,528,2024-04-18,2024-05-15,The Glass Beehive,Mona Kholoussy,Nature,114,2010.0,Delta House,Ziad,Fahmy,9.0,Zamalek,Inactive,2023-04-27
9105.0,1027,501,2025-03-05,2025-03-25,The Silver Kite,Amina Darwish,Adventure,128,2017.0,Nile Press,Mostafa,Fouad,9.0,Nasr City,Active,2023-09-25
9055.0,1015,525,2025-08-08,2025-08-27,Storms And Sailboats,Mahmoud Rafei,Adventure,297,2015.0,Oasis Books,Hamza,Sabry,7.0,Maadi,Inactive,2025-08-13
9183.0,1027,532,2025-03-28,2025-04-10,The Last Bookmark,Samir Zohdy,Friendship,337,2017.0,Oasis Books,Mostafa,Fouad,9.0,Nasr City,Active,2023-09-25
9049.0,1010,514,2025-09-08,Not Returned Yet,The Robot In Row Nine,Galal Mounir,Science Fiction,328,2023.0,Cairo Young Readers,Nour,Nabil,6.0,Maadi,Active,2024-05-15
9307.0,1072,501,2025-06-10,2025-07-09,The Silver Kite,Amina Darwish,Adventure,128,2017.0,Nile Press,Seif,Zaki,9.0,Zamalek,Active,2025-10-21
9166.0,1032,519,2024-01-15,2024-01-24,Kites Over Cairo,Jasmine Wahdan,Friendship,157,2014.0,Nile Press,Nada,Zaki,7.0,Nasr City,Active,2025-10-19
9155.0,1028,525,2025-07-12,2025-07-18,Storms And Sailboats,Mahmoud Rafei,Adventure,297,2015.0,Oasis Books,Hassan,Adel,9.0,Nasr City,Active,2025-11-12
9240.0,1050,525,2025-07-25,2025-08-24,Storms And Sailboats,Mahmoud Rafei,Adventure,297,2015.0,Oasis Books,Fares,Adel,6.0,Heliopolis,Inactive,2025-09-10
9197.0,1030,501,2025-11-26,2025-12-01,The Silver Kite,Amina Darwish,Adventure,128,2017.0,Nile Press,Reem,Osman,9.0,Nasr City,Active,2025-04-01
9375.0,1034,525,2025-10-27,2025-11-15,Storms And Sailboats,Mahmoud Rafei,Adventure,297,2015.0,Oasis Books,Aya,Wahba,9.0,Nasr City,Active,2025-01-22
9114.0,1034,516,2025-03-02,2025-03-17,The Beekeeper'S Almanac,Hoda Bakry,Nature,241,2010.0,Nile Press,Aya,Wahba,9.0,Nasr City,Active,2025-01-22
9077.0,1008,514,2024-07-28,2024-08-12,The Robot In Row Nine,Galal Mounir,Science Fiction,328,2023.0,Cairo Young Readers,Ziad,Saleh,8.0,Maadi,Active,2025-10-28
9260.0,1044,518,2025-07-03,2025-07-27,The Ninth Lighthouse,Hani Nagati,Adventure,163,2011.0,Delta House,Sherif,Saleh,7.0,Heliopolis,Active,2024-02-19
9059.0,1016,518,2025-06-28,2025-07-27,The Ninth Lighthouse,Hani Nagati,Adventure,163,2011.0,Delta House,Dina,Rashad,8.0,Maadi,Active,2023-04-24
9332.0,1062,522,2024-07-03,Not Returned Yet,The Puzzle Merchant,Karim Elwy,Mystery,104,2016.0,Cairo Young Readers,Tarek,Adel,7.0,Zamalek,Active,2023-01-22
9378.0,1018,501,2024-09-05,2024-09-21,The Silver Kite,Amina Darwish,Adventure,128,2017.0,Nile Press,Ahmed,Shafik,9.0,Maadi,Active,2023-01-28
9179.0,1027,517,2024-11-19,2024-12-17,Shadows On The Corniche,Hani Nagati,Mystery,338,2015.0,Delta House,Mostafa,Fouad,9.0,Nasr City,Active,2023-09-25
9126.0,1034,529,2024-10-22,2024-10-28,Riddles Of The Red Sea,Sara Tantawy,Mystery,298,2024.0,Cairo Young Readers,Aya,Wahba,9.0,Nasr City,Active,2025-01-22
9072.0,1007,513,2025-03-05,2025-04-01,Circuits For Beginners,Galal Mounir,Science,294,2021.0,Oasis Books,Sherif,Fouad,6.0,Maadi,Active,2025-08-18
9080.0,1008,501,2024-03-20,2024-04-18,The Silver Kite,Amina Darwish,Adventure,128,2017.0,Nile Press,Ziad,Saleh,8.0,Maadi,Active,2025-10-28
9298.0,1065,507,2025-06-18,2025-07-11,Fossils And Fireflies,Dalia Serry,Science,160,2024.0,Nile Press,Adam,Fahmy,6.0,Zamalek,Active,2025-07-12
9087.0,1020,511,2025-12-03,2025-12-13,Winter In Alexandria,Farida Anwar,Historical,117,2016.0,Nile Press,Rana,Fouad,6.0,Maadi,Active,2025-12-04
9006.0,1018,507,2025-06-26,2025-07-01,Fossils And Fireflies,Dalia Serry,Science,160,2024.0,Nile Press,Ahmed,Shafik,9.0,Maadi,Active,2023-01-28
9309.0,1068,511,2024-11-24,2024-12-12,Winter In Alexandria,Farida Anwar,Historical,117,2016.0,Nile Press,Layla,Hegazy,8.0,Zamalek,Inactive,2025-02-24
9069.0,1010,505,2024-06-14,2024-07-10,Letters To The Nile,Aya Hafez,Historical,216,2024.0,Oasis Books,Nour,Nabil,6.0,Maadi,Active,2024-05-15
9216.0,1050,519,2024-08-07,Not Returned Yet,Kites Over Cairo,Jasmine Wahdan,Friendship,157,2014.0,Nile Press,Fares,Adel,6.0,Heliopolis,Inactive,2025-09-10
9191.0,1027,505,2024-08-05,2024-08-29,Letters To The Nile,Aya Hafez,Historical,216,2024.0,Oasis Books,Mostafa,Fouad,9.0,Nasr City,Active,2023-09-25
9013.0,1002,501,2024-02-16,2024-02-29,The Silver Kite,Amina Darwish,Adventure,128,2017.0,Nile Press,Fares,Saleh,9.0,Maadi,Active,Unknown
9061.0,1016,505,2025-04-28,2025-05-20,Letters To The Nile,Aya Hafez,Historical,216,2024.0,Oasis Books,Dina,Rashad,8.0,Maadi,Active,2023-04-24
9295.0,1061,513,2025-12-12,2026-01-01,Circuits For Beginners,Galal Mounir,Science,294,2021.0,Oasis Books,Ziad,Fahmy,9.0,Zamalek,Inactive,2023-04-27
9363.0,1079,507,2024-12-23,2025-01-15,Fossils And Fireflies,Dalia Serry,Science,160,2024.0,Nile Press,Rana,Osman,8.0,Shubra,Active,2024-10-27
9102.0,1010,502,2024-10-05,Not Returned Yet,Desert Compass,Amina Darwish,Adventure,109,2018.0,Delta House,Nour,Nabil,6.0,Maadi,Active,2024-05-15
9287.0,1065,532,2024-04-26,2024-05-23,The Last Bookmark,Samir Zohdy,Friendship,337,2017.0,Oasis Books,Adam,Fahmy,6.0,Zamalek,Active,2025-07-12
9330.0,1072,513,2025-04-11,2025-05-09,Circuits For Beginners,Galal Mounir,Science,294,2021.0,Oasis Books,Seif,Zaki,9.0,Zamalek,Active,2025-10-21
9178.0,1024,518,2025-08-21,2025-09-04,The Ninth Lighthouse,Hani Nagati,Adventure,163,2011.0,Delta House,Youssef,Hegazy,8.0,Nasr City,Inactive,2024-01-04
9175.0,1027,513,2025-03-04,2025-03-27,Circuits For Beginners,Galal Mounir,Science,294,2021.0,Oasis Books,Mostafa,Fouad,9.0,Nasr City,Active,2023-09-25
9267.0,1047,530,2024-12-05,2024-12-20,The Sandstone Key,Sara Tantawy,Adventure,208,2012.0,Oasis Books,Sara,Rashad,9.0,Heliopolis,Inactive,2024-06-25
9159.0,1030,501,2024-12-11,Not Returned Yet,The Silver Kite,Amina Darwish,Adventure,128,2017.0,Nile Press,Reem,Osman,9.0,Nasr City,Active,2025-04-01
9037.0,1008,509,2024-01-02,2024-01-22,Marbles And Mirrors,Diaa Sultan,Mystery,221,2011.0,Nile Press,Ziad,Saleh,8.0,Maadi,Active,2025-10-28
9264.0,1059,507,2025-02-01,2025-02-13,Fossils And Fireflies,Dalia Serry,Science,160,2024.0,Nile Press,Lina,Halim,7.0,Heliopolis,Active,2024-01-06
9254.0,1059,501,2025-10-23,2025-11-07,The Silver Kite,Amina Darwish,Adventure,128,2017.0,Nile Press,Lina,Halim,7.0,Heliopolis,Active,2024-01-06
9259.0,1057,501,2025-11-16,2025-11-30,The Silver Kite,Amina Darwish,Adventure,128,2017.0,Nile Press,Ahmed,Fahmy,8.0,Heliopolis,Active,2024-01-12
9010.0,1009,513,2025-07-22,2025-08-16,Circuits For Beginners,Galal Mounir,Science,294,2021.0,Oasis Books,Hassan,Saleh,6.0,Maadi,Active,2025-04-25
9347.0,1075,519,2025-07-17,2025-07-31,Kites Over Cairo,Jasmine Wahdan,Friendship,157,2014.0,Nile Press,Malak,Fahmy,7.0,Shubra,Active,2024-10-28
9156.0,1032,503,2025-02-13,2025-03-14,The Lantern Maker,Adel Roushdy,Historical,259,2024.0,Nile Press,Nada,Zaki,7.0,Nasr City,Active,2025-10-19
9147.0,1028,512,2025-10-05,2025-11-01,The Cartographer'S Cat,Farida Anwar,Adventure,238,2022.0,Delta House,Hassan,Adel,9.0,Nasr City,Active,2025-11-12
9125.0,1039,501,2025-06-17,Not Returned Yet,The Silver Kite,Amina Darwish,Adventure,128,2017.0,Nile Press,Nada,Riad,7.0,Nasr City,Active,Unknown
9168.0,1030,513,2025-09-13,2025-09-23,Circuits For Beginners,Galal Mounir,Science,294,2021.0,Oasis Books,Reem,Osman,9.0,Nasr City,Active,2025-04-01
9270.0,1057,517,2024-12-08,2024-12-30,Shadows On The Corniche,Hani Nagati,Mystery,338,2015.0,Delta House,Ahmed,Fahmy,8.0,Heliopolis,Active,2024-01-12
9068.0,1003,501,2025-11-14,2025-12-03,The Silver Kite,Amina Darwish,Adventure,128,2017.0,Nile Press,Bassel,Hegazy,6.0,Maadi,Active,2025-04-23
9327.0,1065,513,2025-03-09,2025-04-01,Circuits For Beginners,Galal Mounir,Science,294,2021.0,Oasis Books,Adam,Fahmy,6.0,Zamalek,Active,2025-07-12
9273.0,1047,510,2024-12-07,2025-01-05,The Missing Metronome,Diaa Sultan,Mystery,134,2013.0,Cairo Young Readers,Sara,Rashad,9.0,Heliopolis,Inactive,2024-06-25
9301.0,1062,519,2024-11-10,2024-11-23,Kites Over Cairo,Jasmine Wahdan,Friendship,157,2014.0,Nile Press,Tarek,Adel,7.0,Zamalek,Active,2023-01-22
9074.0,1003,501,2024-06-19,2024-07-06,The Silver Kite,Amina Darwish,Adventure,128,2017.0,Nile Press,Bassel,Hegazy,6.0,Maadi,Active,2025-04-23
9368.0,1079,525,2025-02-12,2025-03-10,Storms And Sailboats,Mahmoud Rafei,Adventure,297,2015.0,Oasis Books,Rana,Osman,8.0,Shubra,Active,2024-10-27
9233.0,1059,512,2024-12-08,2024-12-15,The Cartographer'S Cat,Farida Anwar,Adventure,238,2022.0,Delta House,Lina,Halim,7.0,Heliopolis,Active,2024-01-06
9200.0,1060,509,2024-12-08,Not Returned Yet,Marbles And Mirrors,Diaa Sultan,Mystery,221,2011.0,Nile Press,Layla,Wahba,7.0,Heliopolis,Active,2024-03-26
9349.0,1077,501,2024-03-04,2024-04-02,The Silver Kite,Amina Darwish,Adventure,128,2017.0,Nile Press,Lina,Rashad,6.0,Shubra,Active,2023-07-08
9350.0,1080,501,2025-06-22,2025-07-17,The Silver Kite,Amina Darwish,Adventure,128,2017.0,Nile Press,Bassel,Wahba,9.0,Shubra,Active,2023-12-28
9345.0,1075,507,2025-02-03,2025-03-01,Fossils And Fireflies,Dalia Serry,Science,160,2024.0,Nile Press,Malak,Fahmy,7.0,Shubra,Active,2024-10-28
9195.0,1024,507,2025-02-22,2025-03-17,Fossils And Fireflies,Dalia Serry,Science,160,2024.0,Nile Press,Youssef,Hegazy,8.0,Nasr City,Inactive,2024-01-04
9325.0,1072,519,2024-01-11,Not Returned Yet,Kites Over Cairo,Jasmine Wahdan,Friendship,157,2014.0,Nile Press,Seif,Zaki,9.0,Zamalek,Active,2025-10-21
9245.0,1044,519,2024-12-13,2024-12-21,Kites Over Cairo,Jasmine Wahdan,Friendship,157,2014.0,Nile Press,Sherif,Saleh,7.0,Heliopolis,Active,2024-02-19
9146.0,1034,509,2025-02-23,2025-03-14,Marbles And Mirrors,Diaa Sultan,Mystery,221,2011.0,Nile Press,Aya,Wahba,9.0,Nasr City,Active,2025-01-22
9379.0,1062,501,2024-12-18,2024-12-26,The Silver Kite,Amina Darwish,Adventure,128,2017.0,Nile Press,Tarek,Adel,7.0,Zamalek,Active,2023-01-22
9374.0,1080,505,2024-08-05,2024-08-12,Letters To The Nile,Aya Hafez,Historical,216,2024.0,Oasis Books,Bassel,Wahba,9.0,Shubra,Active,2023-12-28
9107.0,1024,505,2024-09-24,2024-10-12,Letters To The Nile,Aya Hafez,Historical,216,2024.0,Oasis Books,Youssef,Hegazy,8.0,Nasr City,Inactive,2024-01-04
9029.0,1005,507,2025-03-07,2025-03-29,Fossils And Fireflies,Dalia Serry,Science,160,2024.0,Nile Press,Youssef,Halim,9.0,Maadi,Active,2024-05-05
9108.0,1024,507,2025-02-02,2025-02-27,Fossils And Fireflies,Dalia Serry,Science,160,2024.0,Nile Press,Youssef,Hegazy,8.0,Nasr City,Inactive,2024-01-04
9201.0,1055,531,2025-11-24,2025-12-16,Voices In The Library,Samir Zohdy,Friendship,272,2018.0,Oasis Books,Mostafa,Kamel,9.0,Heliopolis,Active,2025-01-04
9253.0,1058,507,2025-06-15,2025-07-10,Fossils And Fireflies,Dalia Serry,Science,160,2024.0,Nile Press,Lina,Mansour,8.0,Heliopolis,Active,2025-07-20
9334.0,1065,507,2025-12-20,2026-01-05,Fossils And Fireflies,Dalia Serry,Science,160,2024.0,Nile Press,Adam,Fahmy,6.0,Zamalek,Active,2025-07-12
9160.0,1030,501,2024-06-20,2024-07-07,The Silver Kite,Amina Darwish,Adventure,128,2017.0,Nile Press,Reem,Osman,9.0,Nasr City,Active,2025-04-01
9180.0,1034,529,2024-07-27,2024-08-02,Riddles Of The Red Sea,Sara Tantawy,Mystery,298,2024.0,Cairo Young Readers,Aya,Wahba,9.0,Nasr City,Active,2025-01-22
9344.0,1076,507,2024-09-12,Not Returned Yet,Fossils And Fireflies,Dalia Serry,Science,160,2024.0,Nile Press,Dina,Wahba,7.0,Shubra,Active,2025-12-13
9004.0,1013,519,2025-07-27,2025-08-16,Kites Over Cairo,Jasmine Wahdan,Friendship,157,2014.0,Nile Press,Ziad,Fouad,9.0,Maadi,Active,2025-06-27
9224.0,1057,513,2025-05-25,Not Returned Yet,Circuits For Beginners,Galal Mounir,Science,294,2021.0,Oasis Books,Ahmed,Fahmy,8.0,Heliopolis,Active,2024-01-12
9235.0,1047,516,2024-02-16,Not Returned Yet,The Beekeeper'S Almanac,Hoda Bakry,Nature,241,2010.0,Nile Press,Sara,Rashad,9.0,Heliopolis,Inactive,2024-06-25
9118.0,1030,507,2024-05-12,Not Returned Yet,Fossils And Fireflies,Dalia Serry,Science,160,2024.0,Nile Press,Reem,Osman,9.0,Nasr City,Active,2025-04-01
9381.0,1079,507,2025-05-30,2025-06-18,Fossils And Fireflies,Dalia Serry,Science,160,2024.0,Nile Press,Rana,Osman,8.0,Shubra,Active,2024-10-27
9071.0,1003,503,2024-03-25,2024-04-09,The Lantern Maker,Adel Roushdy,Historical,259,2024.0,Nile Press,Bassel,Hegazy,6.0,Maadi,Active,2025-04-23
9220.0,1047,507,2025-08-04,Not Returned Yet,Fossils And Fireflies,Dalia Serry,Science,160,2024.0,Nile Press,Sara,Rashad,9.0,Heliopolis,Inactive,2024-06-25
9167.0,1028,503,2025-12-24,2026-01-02,The Lantern Maker,Adel Roushdy,Historical,259,2024.0,Nile Press,Hassan,Adel,9.0,Nasr City,Active,2025-11-12
9320.0,1073,501,2025-07-19,2025-08-13,The Silver Kite,Amina Darwish,Adventure,128,2017.0,Nile Press,Yassin,Kamel,7.0,Zamalek,Inactive,2025-08-26
9300.0,1061,528,2024-08-15,2024-09-02,The Glass Beehive,Mona Kholoussy,Nature,114,2010.0,Delta House,Ziad,Fahmy,9.0,Zamalek,Inactive,2023-04-27
9364.0,1077,513,2024-08-18,2024-09-07,Circuits For Beginners,Galal Mounir,Science,294,2021.0,Oasis Books,Lina,Rashad,6.0,Shubra,Active,2023-07-08
9035.0,1020,501,2024-08-01,2024-08-23,The Silver Kite,Amina Darwish,Adventure,128,2017.0,Nile Press,Rana,Fouad,6.0,Maadi,Active,2025-12-04
9382.0,1076,507,2025-02-26,2025-03-08,Fossils And Fireflies,Dalia Serry,Science,160,2024.0,Nile Press,Dina,Wahba,7.0,Shubra,Active,2025-12-13
9133.0,1034,519,2025-05-28,2025-06-24,Kites Over Cairo,Jasmine Wahdan,Friendship,157,2014.0,Nile Press,Aya,Wahba,9.0,Nasr City,Active,2025-01-22
9276.0,1050,514,2025-06-28,2025-07-08,The Robot In Row Nine,Galal Mounir,Science Fiction,328,2023.0,Cairo Young Readers,Fares,Adel,6.0,Heliopolis,Inactive,2025-09-10
9104.0,1018,507,2024-05-15,Not Returned Yet,Fossils And Fireflies,Dalia Serry,Science,160,2024.0,Nile Press,Ahmed,Shafik,9.0,Maadi,Active,2023-01-28
9367.0,1079,507,2024-03-19,2024-03-28,Fossils And Fireflies,Dalia Serry,Science,160,2024.0,Nile Press,Rana,Osman,8.0,Shubra,Active,2024-10-27
9373.0,1079,508,2024-03-20,2024-04-19,The Quiet Observatory,Dalia Serry,Science,306,2011.0,Oasis Books,Rana,Osman,8.0,Shubra,Active,2024-10-27
9217.0,1047,530,2024-04-07,Not Returned Yet,The Sandstone Key,Sara Tantawy,Adventure,208,2012.0,Oasis Books,Sara,Rashad,9.0,Heliopolis,Inactive,2024-06-25
9022.0,1010,507,2025-11-14,2025-12-03,Fossils And Fireflies,Dalia Serry,Science,160,2024.0,Nile Press,Nour,Nabil,6.0,Maadi,Active,2024-05-15
9065.0,1016,509,2024-12-21,Not Returned Yet,Marbles And Mirrors,Diaa Sultan,Mystery,221,2011.0,Nile Press,Dina,Rashad,8.0,Maadi,Active,2023-04-24
9099.0,1018,506,2025-10-10,2025-11-09,The Paper Boat Club,Aya Hafez,Friendship,183,2024.0,Nile Press,Ahmed,Shafik,9.0,Maadi,Active,2023-01-28
9109.0,1034,512,2024-08-20,2024-09-14,The Cartographer'S Cat,Farida Anwar,Adventure,238,2022.0,Delta House,Aya,Wahba,9.0,Nasr City,Active,2025-01-22
9086.0,1018,501,2024-06-20,2024-06-29,The Silver Kite,Amina Darwish,Adventure,128,2017.0,Nile Press,Ahmed,Shafik,9.0,Maadi,Active,2023-01-28
9089.0,1010,507,2025-06-22,2025-07-22,Fossils And Fireflies,Dalia Serry,Science,160,2024.0,Nile Press,Nour,Nabil,6.0,Maadi,Active,2024-05-15
9230.0,1050,501,2025-09-10,2025-10-07,The Silver Kite,Amina Darwish,Adventure,128,2017.0,Nile Press,Fares,Adel,6.0,Heliopolis,Inactive,2025-09-10
9062.0,1010,520,2024-07-28,2024-08-26,The Copper Telescope,Jasmine Wahdan,Science Fiction,136,2009.0,Oasis Books,Nour,Nabil,6.0,Maadi,Active,2024-05-15
9076.0,1008,529,2025-12-12,2025-12-20,Riddles Of The Red Sea,Sara Tantawy,Mystery,298,2024.0,Cairo Young Readers,Ziad,Saleh,8.0,Maadi,Active,2025-10-28
9265.0,1049,513,2024-08-12,2024-09-10,Circuits For Beginners,Galal Mounir,Science,294,2021.0,Oasis Books,Ahmed,Gamal,6.0,Heliopolis,Active,2023-06-10
9258.0,1050,529,2025-12-07,2025-12-21,Riddles Of The Red Sea,Sara Tantawy,Mystery,298,2024.0,Cairo Young Readers,Fares,Adel,6.0,Heliopolis,Inactive,2025-09-10
9203.0,1057,501,2025-10-25,Not Returned Yet,The Silver Kite,Amina Darwish,Adventure,128,2017.0,Nile Press,Ahmed,Fahmy,8.0,Heliopolis,Active,2024-01-12
9041.0,1010,506,2025-02-22,2025-03-19,The Paper Boat Club,Aya Hafez,Friendship,183,2024.0,Nile Press,Nour,Nabil,6.0,Maadi,Active,2024-05-15
9154.0,1030,525,2025-05-18,2025-05-26,Storms And Sailboats,Mahmoud Rafei,Adventure,297,2015.0,Oasis Books,Reem,Osman,9.0,Nasr City,Active,2025-04-01
9285.0,1071,513,2025-02-24,Not Returned Yet,Circuits For Beginners,Galal Mounir,Science,294,2021.0,Oasis Books,Jana,Hegazy,8.0,Zamalek,Active,2024-09-27
9121.0,1027,522,2025-02-24,2025-03-14,The Puzzle Merchant,Karim Elwy,Mystery,104,2016.0,Cairo Young Readers,Mostafa,Fouad,9.0,Nasr City,Active,2023-09-25
9244.0,1050,507,2025-04-23,2025-05-06,Fossils And Fireflies,Dalia Serry,Science,160,2024.0,Nile Press,Fares,Adel,6.0,Heliopolis,Inactive,2025-09-10
9275.0,1047,507,2025-09-21,2025-10-08,Fossils And Fireflies,Dalia Serry,Science,160,2024.0,Nile Press,Sara,Rashad,9.0,Heliopolis,Inactive,2024-06-25
9215.0,1044,507,2024-02-07,Not Returned Yet,Fossils And Fireflies,Dalia Serry,Science,160,2024.0,Nile Press,Sherif,Saleh,7.0,Heliopolis,Active,2024-02-19
9268.0,1047,503,2025-06-16,2025-07-14,The Lantern Maker,Adel Roushdy,Historical,259,2024.0,Nile Press,Sara,Rashad,9.0,Heliopolis,Inactive,2024-06-25
9314.0,1072,522,2024-08-13,2024-09-02,The Puzzle Merchant,Karim Elwy,Mystery,104,2016.0,Cairo Young Readers,Seif,Zaki,9.0,Zamalek,Active,2025-10-21
9299.0,1072,521,2024-01-04,2024-01-23,A Garden Of Equations,Karim Elwy,Science,211,2024.0,Cairo Young Readers,Seif,Zaki,9.0,Zamalek,Active,2025-10-21
9353.0,1075,528,2025-12-13,2025-12-30,The Glass Beehive,Mona Kholoussy,Nature,114,2010.0,Delta House,Malak,Fahmy,7.0,Shubra,Active,2024-10-28
9117.0,1026,501,2025-09-13,Not Returned Yet,The Silver Kite,Amina Darwish,Adventure,128,2017.0,Nile Press,Nada,Saleh,7.0,Nasr City,Inactive,2023-11-16
9212.0,1044,512,2024-09-14,Not Returned Yet,The Cartographer'S Cat,Farida Anwar,Adventure,238,2022.0,Delta House,Sherif,Saleh,7.0,Heliopolis,Active,2024-02-19
9278.0,1047,506,2024-03-12,2024-04-02,The Paper Boat Club,Aya Hafez,Friendship,183,2024.0,Nile Press,Sara,Rashad,9.0,Heliopolis,Inactive,2024-06-25
9177.0,1027,513,2024-01-18,Not Returned Yet,Circuits For Beginners,Galal Mounir,Science,294,2021.0,Oasis Books,Mostafa,Fouad,9.0,Nasr City,Active,2023-09-25
9044.0,1018,503,2024-10-07,Not Returned Yet,The Lantern Maker,Adel Roushdy,Historical,259,2024.0,Nile Press,Ahmed,Shafik,9.0,Maadi,Active,2023-01-28
9329.0,1062,513,2025-03-06,Not Returned Yet,Circuits For Beginners,Galal Mounir,Science,294,2021.0,Oasis Books,Tarek,Adel,7.0,Zamalek,Active,2023-01-22
9078.0,1008,521,2024-09-21,2024-10-12,A Garden Of Equations,Karim Elwy,Science,211,2024.0,Cairo Young Readers,Ziad,Saleh,8.0,Maadi,Active,2025-10-28
9032.0,1011,501,2024-11-24,2024-12-11,The Silver Kite,Amina Darwish,Adventure,128,2017.0,Nile Press,Menna,Halim,8.0,Maadi,Active,2024-04-22
9289.0,1072,522,2025-09-09,2025-09-19,The Puzzle Merchant,Karim Elwy,Mystery,104,2016.0,Cairo Young Readers,Seif,Zaki,9.0,Zamalek,Active,2025-10-21
9138.0,1039,516,2025-08-22,2025-08-31,The Beekeeper'S Almanac,Hoda Bakry,Nature,241,2010.0,Nile Press,Nada,Riad,7.0,Nasr City,Active,Unknown
9306.0,1074,510,2024-08-03,2024-08-10,The Missing Metronome,Diaa Sultan,Mystery,134,2013.0,Cairo Young Readers,Mostafa,Saleh,8.0,Zamalek,Active,2025-11-21
9239.0,1050,519,2025-02-10,2025-02-22,Kites Over Cairo,Jasmine Wahdan,Friendship,157,2014.0,Nile Press,Fares,Adel,6.0,Heliopolis,Inactive,2025-09-10
9226.0,1044,519,2025-03-18,Not Returned Yet,Kites Over Cairo,Jasmine Wahdan,Friendship,157,2014.0,Nile Press,Sherif,Saleh,7.0,Heliopolis,Active,2024-02-19
9135.0,1034,506,2025-01-12,2025-01-28,The Paper Boat Club,Aya Hafez,Friendship,183,2024.0,Nile Press,Aya,Wahba,9.0,Nasr City,Active,2025-01-22
9023.0,1018,503,2025-08-04,2025-08-27,The Lantern Maker,Adel Roushdy,Historical,259,2024.0,Nile Press,Ahmed,Shafik,9.0,Maadi,Active,2023-01-28
9229.0,1047,501,2025-11-16,2025-12-08,The Silver Kite,Amina Darwish,Adventure,128,2017.0,Nile Press,Sara,Rashad,9.0,Heliopolis,Inactive,2024-06-25
9096.0,1022,501,2025-02-17,2025-03-17,The Silver Kite,Amina Darwish,Adventure,128,2017.0,Nile Press,Youssef,Fouad,7.0,Maadi,Active,2025-02-28
9312.0,1068,506,2025-12-01,Not Returned Yet,The Paper Boat Club,Aya Hafez,Friendship,183,2024.0,Nile Press,Layla,Hegazy,8.0,Zamalek,Inactive,2025-02-24
9196.0,1030,526,2025-01-15,2025-02-02,The Clockwork Orchard,Mahmoud Rafei,Science Fiction,125,2016.0,Delta House,Reem,Osman,9.0,Nasr City,Active,2025-04-01
9190.0,1030,502,2025-12-04,2025-12-18,Desert Compass,Amina Darwish,Adventure,109,2018.0,Delta House,Reem,Osman,9.0,Nasr City,Active,2025-04-01
9095.0,1002,507,2024-06-25,2024-07-07,Fossils And Fireflies,Dalia Serry,Science,160,2024.0,Nile Press,Fares,Saleh,9.0,Maadi,Active,Unknown
9199.0,1053,518,2024-11-28,2024-12-08,The Ninth Lighthouse,Hani Nagati,Adventure,163,2011.0,Delta House,Adam,Shafik,9.0,Heliopolis,Active,2024-01-03
9279.0,1047,514,2025-07-06,2025-07-28,The Robot In Row Nine,Galal Mounir,Science Fiction,328,2023.0,Cairo Young Readers,Sara,Rashad,9.0,Heliopolis,Inactive,2024-06-25
9047.0,1007,507,2024-10-11,2024-10-24,Fossils And Fireflies,Dalia Serry,Science,160,2024.0,Nile Press,Sherif,Fouad,6.0,Maadi,Active,2025-08-18
9351.0,1075,514,2024-01-03,2024-01-28,The Robot In Row Nine,Galal Mounir,Science Fiction,328,2023.0,Cairo Young Readers,Malak,Fahmy,7.0,Shubra,Active,2024-10-28
9251.0,1046,507,2024-06-09,Not Returned Yet,Fossils And Fireflies,Dalia Serry,Science,160,2024.0,Nile Press,Amir,Fouad,7.0,Heliopolis,Active,2025-12-11
9242.0,1047,520,2025-06-01,2025-07-01,The Copper Telescope,Jasmine Wahdan,Science Fiction,136,2009.0,Oasis Books,Sara,Rashad,9.0,Heliopolis,Inactive,2024-06-25
9204.0,1057,506,2024-02-20,2024-03-15,The Paper Boat Club,Aya Hafez,Friendship,183,2024.0,Nile Press,Ahmed,Fahmy,8.0,Heliopolis,Active,2024-01-12
9158.0,1040,513,2025-03-07,2025-03-24,Circuits For Beginners,Galal Mounir,Science,294,2021.0,Oasis Books,Dina,Adel,9.0,Nasr City,Active,2025-12-26
9060.0,1010,527,2024-05-20,2024-05-28,Notes From The Delta,Mona Kholoussy,Nature,328,2017.0,Delta House,Nour,Nabil,6.0,Maadi,Active,2024-05-15
9243.0,1060,513,2025-09-13,2025-10-09,Circuits For Beginners,Galal Mounir,Science,294,2021.0,Oasis Books,Layla,Wahba,7.0,Heliopolis,Active,2024-03-26
9042.0,1010,509,2024-02-28,Not Returned Yet,Marbles And Mirrors,Diaa Sultan,Mystery,221,2011.0,Nile Press,Nour,Nabil,6.0,Maadi,Active,2024-05-15
9150.0,1024,507,2025-10-14,2025-10-24,Fossils And Fireflies,Dalia Serry,Science,160,2024.0,Nile Press,Youssef,Hegazy,8.0,Nasr City,Inactive,2024-01-04
9377.0,1034,507,2025-03-25,2025-04-06,Fossils And Fireflies,Dalia Serry,Science,160,2024.0,Nile Press,Aya,Wahba,9.0,Nasr City,Active,2025-01-22
9356.0,1076,501,2025-03-14,2025-04-13,The Silver Kite,Amina Darwish,Adventure,128,2017.0,Nile Press,Dina,Wahba,7.0,Shubra,Active,2025-12-13
9014.0,1010,519,2024-06-28,2024-07-20,Kites Over Cairo,Jasmine Wahdan,Friendship,157,2014.0,Nile Press,Nour,Nabil,6.0,Maadi,Active,2024-05-15
9346.0,1076,519,2024-04-27,Not Returned Yet,Kites Over Cairo,Jasmine Wahdan,Friendship,157,2014.0,Nile Press,Dina,Wahba,7.0,Shubra,Active,2025-12-13
9103.0,1003,513,2025-09-04,2025-09-25,Circuits For Beginners,Galal Mounir,Science,294,2021.0,Oasis Books,Bassel,Hegazy,6.0,Maadi,Active,2025-04-23
9246.0,1044,529,2025-06-25,2025-07-04,Riddles Of The Red Sea,Sara Tantawy,Mystery,298,2024.0,Cairo Young Readers,Sherif,Saleh,7.0,Heliopolis,Active,2024-02-19
9308.0,1072,525,2024-02-17,2024-03-12,Storms And Sailboats,Mahmoud Rafei,Adventure,297,2015.0,Oasis Books,Seif,Zaki,9.0,Zamalek,Active,2025-10-21
9321.0,1070,501,2025-12-28,2026-01-09,The Silver Kite,Amina Darwish,Adventure,128,2017.0,Nile Press,Ahmed,Zaki,9.0,Zamalek,Active,2025-07-22
9045.0,1008,520,2024-05-28,Not Returned Yet,The Copper Telescope,Jasmine Wahdan,Science Fiction,136,2009.0,Oasis Books,Ziad,Saleh,8.0,Maadi,Active,2025-10-28
9219.0,1047,506,2025-05-13,2025-06-07,The Paper Boat Club,Aya Hafez,Friendship,183,2024.0,Nile Press,Sara,Rashad,9.0,Heliopolis,Inactive,2024-06-25
9002.0,1020,515,2024-12-06,2024-12-11,Songs Of The Oasis,Hoda Bakry,Poetry,316,2022.0,Cairo Young Readers,Rana,Fouad,6.0,Maadi,Active,2025-12-04
9185.0,1026,519,2025-10-22,2025-11-01,Kites Over Cairo,Jasmine Wahdan,Friendship,157,2014.0,Nile Press,Nada,Saleh,7.0,Nasr City,Inactive,2023-11-16
9359.0,1077,501,2025-01-26,Not Returned Yet,The Silver Kite,Amina Darwish,Adventure,128,2017.0,Nile Press,Lina,Rashad,6.0,Shubra,Active,2023-07-08
9079.0,1008,520,2025-12-27,2026-01-05,The Copper Telescope,Jasmine Wahdan,Science Fiction,136,2009.0,Oasis Books,Ziad,Saleh,8.0,Maadi,Active,2025-10-28
9252.0,1054,513,2024-08-04,2024-08-09,Circuits For Beginners,Galal Mounir,Science,294,2021.0,Oasis Books,Retaj,Fahmy,6.0,Heliopolis,Inactive,2024-03-21
9282.0,1057,530,2025-07-22,2025-08-18,The Sandstone Key,Sara Tantawy,Adventure,208,2012.0,Oasis Books,Ahmed,Fahmy,8.0,Heliopolis,Active,2024-01-12
9293.0,1071,525,2025-08-05,2025-08-18,Storms And Sailboats,Mahmoud Rafei,Adventure,297,2015.0,Oasis Books,Jana,Hegazy,8.0,Zamalek,Active,2024-09-27
9202.0,1047,506,2025-06-05,2025-07-03,The Paper Boat Club,Aya Hafez,Friendship,183,2024.0,Nile Press,Sara,Rashad,9.0,Heliopolis,Inactive,2024-06-25
9026.0,1018,506,2025-04-21,2025-05-04,The Paper Boat Club,Aya Hafez,Friendship,183,2024.0,Nile Press,Ahmed,Shafik,9.0,Maadi,Active,2023-01-28
9050.0,1003,521,2025-08-21,Not Returned Yet,A Garden Of Equations,Karim Elwy,Science,211,2024.0,Cairo Young Readers,Bassel,Hegazy,6.0,Maadi,Active,2025-04-23
9122.0,1034,525,2025-06-04,2025-06-30,Storms And Sailboats,Mahmoud Rafei,Adventure,297,2015.0,Oasis Books,Aya,Wahba,9.0,Nasr City,Active,2025-01-22
9153.0,1030,530,2024-10-12,2024-10-26,The Sandstone Key,Sara Tantawy,Adventure,208,2012.0,Oasis Books,Reem,Osman,9.0,Nasr City,Active,2025-04-01
9145.0,1034,501,2025-11-10,2025-12-10,The Silver Kite,Amina Darwish,Adventure,128,2017.0,Nile Press,Aya,Wahba,9.0,Nasr City,Active,2025-01-22
9339.0,1073,501,2025-02-02,Not Returned Yet,The Silver Kite,Amina Darwish,Adventure,128,2017.0,Nile Press,Yassin,Kamel,7.0,Zamalek,Inactive,2025-08-26
9136.0,1030,532,2024-10-03,2024-10-20,The Last Bookmark,Samir Zohdy,Friendship,337,2017.0,Oasis Books,Reem,Osman,9.0,Nasr City,Active,2025-04-01
9277.0,1057,519,2025-10-19,2025-10-28,Kites Over Cairo,Jasmine Wahdan,Friendship,157,2014.0,Nile Press,Ahmed,Fahmy,8.0,Heliopolis,Active,2024-01-12
9284.0,1062,513,2025-09-27,2025-10-26,Circuits For Beginners,Galal Mounir,Science,294,2021.0,Oasis Books,Tarek,Adel,7.0,Zamalek,Active,2023-01-22
9210.0,1044,507,2025-09-11,2025-09-29,Fossils And Fireflies,Dalia Serry,Science,160,2024.0,Nile Press,Sherif,Saleh,7.0,Heliopolis,Active,2024-02-19
9098.0,1008,525,2024-12-15,2024-12-31,Storms And Sailboats,Mahmoud Rafei,Adventure,297,2015.0,Oasis Books,Ziad,Saleh,8.0,Maadi,Active,2025-10-28
9106.0,1034,501,2025-08-20,2025-08-27,The Silver Kite,Amina Darwish,Adventure,128,2017.0,Nile Press,Aya,Wahba,9.0,Nasr City,Active,2025-01-22
9170.0,1034,522,2025-10-16,2025-10-28,The Puzzle Merchant,Karim Elwy,Mystery,104,2016.0,Cairo Young Readers,Aya,Wahba,9.0,Nasr City,Active,2025-01-22
9028.0,1017,507,2025-01-19,2025-01-28,Fossils And Fireflies,Dalia Serry,Science,160,2024.0,Nile Press,Adam,Badr,9.0,Maadi,Active,2025-07-12
9081.0,1017,502,2025-08-25,2025-09-17,Desert Compass,Amina Darwish,Adventure,109,2018.0,Delta House,Adam,Badr,9.0,Maadi,Active,2025-07-12
9223.0,1050,510,2024-04-11,2024-05-04,The Missing Metronome,Diaa Sultan,Mystery,134,2013.0,Cairo Young Readers,Fares,Adel,6.0,Heliopolis,Inactive,2025-09-10
9311.0,1065,507,2025-06-26,2025-07-09,Fossils And Fireflies,Dalia Serry,Science,160,2024.0,Nile Press,Adam,Fahmy,6.0,Zamalek,Active,2025-07-12
9085.0,1018,525,2025-08-19,2025-09-18,Storms And Sailboats,Mahmoud Rafei,Adventure,297,2015.0,Oasis Books,Ahmed,Shafik,9.0,Maadi,Active,2023-01-28
9335.0,1065,513,2024-12-18,2024-12-30,Circuits For Beginners,Galal Mounir,Science,294,2021.0,Oasis Books,Adam,Fahmy,6.0,Zamalek,Active,2025-07-12
9221.0,1055,520,2025-04-12,2025-04-18,The Copper Telescope,Jasmine Wahdan,Science Fiction,136,2009.0,Oasis Books,Mostafa,Kamel,9.0,Heliopolis,Active,2025-01-04
9016.0,1016,527,2024-12-03,2024-12-11,Notes From The Delta,Mona Kholoussy,Nature,328,2017.0,Delta House,Dina,Rashad,8.0,Maadi,Active,2023-04-24
9361.0,1075,524,2024-04-19,Not Returned Yet,The Weaver'S Daughter,Laila Shokry,Historical,114,2016.0,Cairo Young Readers,Malak,Fahmy,7.0,Shubra,Active,2024-10-28
9248.0,1044,514,2025-07-01,2025-07-18,The Robot In Row Nine,Galal Mounir,Science Fiction,328,2023.0,Cairo Young Readers,Sherif,Saleh,7.0,Heliopolis,Active,2024-02-19
9315.0,1068,501,2024-06-11,2024-07-04,The Silver Kite,Amina Darwish,Adventure,128,2017.0,Nile Press,Layla,Hegazy,8.0,Zamalek,Inactive,2025-02-24
9305.0,1062,519,2024-01-23,2024-01-31,Kites Over Cairo,Jasmine Wahdan,Friendship,157,2014.0,Nile Press,Tarek,Adel,7.0,Zamalek,Active,2023-01-22
9174.0,1024,528,2025-12-16,2026-01-07,The Glass Beehive,Mona Kholoussy,Nature,114,2010.0,Delta House,Youssef,Hegazy,8.0,Nasr City,Inactive,2024-01-04
9048.0,1003,519,2024-12-03,2025-01-01,Kites Over Cairo,Jasmine Wahdan,Friendship,157,2014.0,Nile Press,Bassel,Hegazy,6.0,Maadi,Active,2025-04-23
9281.0,1044,525,2024-06-01,2024-06-12,Storms And Sailboats,Mahmoud Rafei,Adventure,297,2015.0,Oasis Books,Sherif,Saleh,7.0,Heliopolis,Active,2024-02-19
9039.0,1018,513,2024-07-21,2024-08-10,Circuits For Beginners,Galal Mounir,Science,294,2021.0,Oasis Books,Ahmed,Shafik,9.0,Maadi,Active,2023-01-28
9083.0,1011,516,2025-10-02,2025-10-09,The Beekeeper'S Almanac,Hoda Bakry,Nature,241,2010.0,Nile Press,Menna,Halim,8.0,Maadi,Active,2024-04-22
9088.0,1003,519,2025-09-17,2025-10-03,Kites Over Cairo,Jasmine Wahdan,Friendship,157,2014.0,Nile Press,Bassel,Hegazy,6.0,Maadi,Active,2025-04-23
9176.0,1027,501,2024-11-08,2024-11-26,The Silver Kite,Amina Darwish,Adventure,128,2017.0,Nile Press,Mostafa,Fouad,9.0,Nasr City,Active,2023-09-25
9054.0,1013,510,2024-11-21,Not Returned Yet,The Missing Metronome,Diaa Sultan,Mystery,134,2013.0,Cairo Young Readers,Ziad,Fouad,9.0,Maadi,Active,2025-06-27
9134.0,1037,516,2025-09-08,2025-09-19,The Beekeeper'S Almanac,Hoda Bakry,Nature,241,2010.0,Nile Press,Retaj,Kamel,9.0,Nasr City,Inactive,2023-08-26
9164.0,1034,507,2024-12-02,2024-12-12,Fossils And Fireflies,Dalia Serry,Science,160,2024.0,Nile Press,Aya,Wahba,9.0,Nasr City,Active,2025-01-22
9011.0,1022,513,2024-03-17,Not Returned Yet,Circuits For Beginners,Galal Mounir,Science,294,2021.0,Oasis Books,Youssef,Fouad,7.0,Maadi,Active,2025-02-28
9151.0,1034,528,2025-04-25,2025-05-16,The Glass Beehive,Mona Kholoussy,Nature,114,2010.0,Delta House,Aya,Wahba,9.0,Nasr City,Active,2025-01-22
9018.0,1003,522,2025-06-12,2025-06-24,The Puzzle Merchant,Karim Elwy,Mystery,104,2016.0,Cairo Young Readers,Bassel,Hegazy,6.0,Maadi,Active,2025-04-23
9038.0,1007,506,2024-07-15,2024-08-12,The Paper Boat Club,Aya Hafez,Friendship,183,2024.0,Nile Press,Sherif,Fouad,6.0,Maadi,Active,2025-08-18
9232.0,1044,513,2025-05-26,2025-06-11,Circuits For Beginners,Galal Mounir,Science,294,2021.0,Oasis Books,Sherif,Saleh,7.0,Heliopolis,Active,2024-02-19
9084.0,1008,511,2024-06-27,2024-07-22,Winter In Alexandria,Farida Anwar,Historical,117,2016.0,Nile Press,Ziad,Saleh,8.0,Maadi,Active,2025-10-28
9116.0,1024,519,2025-01-10,2025-02-09,Kites Over Cairo,Jasmine Wahdan,Friendship,157,2014.0,Nile Press,Youssef,Hegazy,8.0,Nasr City,Inactive,2024-01-04
9352.0,1076,501,2025-02-02,Not Returned Yet,The Silver Kite,Amina Darwish,Adventure,128,2017.0,Nile Press,Dina,Wahba,7.0,Shubra,Active,2025-12-13
WEB_EVENT,1026,522,2025-07-11,Not Returned Yet,The Puzzle Merchant,Karim Elwy,Mystery,104,2016.0,Cairo Young Readers,Nada,Saleh,7.0,Nasr City,Inactive,2023-11-16
WEB_EVENT,1049,520,2025-07-11,Not Returned Yet,The Copper Telescope,Jasmine Wahdan,Science Fiction,136,2009.0,Oasis Books,Ahmed,Gamal,6.0,Heliopolis,Active,2023-06-10
WEB_EVENT,1062,525,2025-07-05,Not Returned Yet,Storms And Sailboats,Mahmoud Rafei,Adventure,297,2015.0,Oasis Books,Tarek,Adel,7.0,Zamalek,Active,2023-01-22
WEB_EVENT,1065,520,2025-07-07,Not Returned Yet,The Copper Telescope,Jasmine Wahdan,Science Fiction,136,2009.0,Oasis Books,Adam,Fahmy,6.0,Zamalek,Active,2025-07-12
WEB_EVENT,1009,503,2025-07-09,Not Returned Yet,The Lantern Maker,Adel Roushdy,Historical,259,2024.0,Nile Press,Hassan,Saleh,6.0,Maadi,Active,2025-04-25
WEB_EVENT,1063,522,2025-07-07,Not Returned Yet,The Puzzle Merchant,Karim Elwy,Mystery,104,2016.0,Cairo Young Readers,Layla,Fouad,6.0,Zamalek,Active,2024-06-21
WEB_EVENT,1022,511,2025-07-12,Not Returned Yet,Winter In Alexandria,Farida Anwar,Historical,117,2016.0,Nile Press,Youssef,Fouad,7.0,Maadi,Active,2025-02-28
WEB_EVENT,1029,523,2025-07-09,Not Returned Yet,Footsteps In The Dust,Laila Shokry,Historical,276,2018.0,Oasis Books,Rana,Kamel,6.0,Nasr City,Active,2023-04-03
WEB_EVENT,1005,513,2025-07-10,Not Returned Yet,Circuits For Beginners,Galal Mounir,Science,294,2021.0,Oasis Books,Youssef,Halim,9.0,Maadi,Active,2024-05-05
WEB_EVENT,1058,518,2025-07-08,Not Returned Yet,The Ninth Lighthouse,Hani Nagati,Adventure,163,2011.0,Delta House,Lina,Mansour,8.0,Heliopolis,Active,2025-07-20
WEB_EVENT,1002,521,2025-07-08,Not Returned Yet,A Garden Of Equations,Karim Elwy,Science,211,2024.0,Cairo Young Readers,Fares,Saleh,9.0,Maadi,Active,Unknown
WEB_EVENT,1041,504,2025-07-05,Not Returned Yet,Rooftop Astronomers,Adel Roushdy,Science,319,2009.0,Cairo Young Readers,Nada,Rashad,7.0,Nasr City,Active,2024-04-02
WEB_EVENT,1055,526,2025-07-11,Not Returned Yet,The Clockwork Orchard,Mahmoud Rafei,Science Fiction,125,2016.0,Delta House,Mostafa,Kamel,9.0,Heliopolis,Active,2025-01-04
WEB_EVENT,1061,513,2025-07-06,Not Returned Yet,Circuits For Beginners,Galal Mounir,Science,294,2021.0,Oasis Books,Ziad,Fahmy,9.0,Zamalek,Inactive,2023-04-27
WEB_EVENT,1012,509,2025-07-11,Not Returned Yet,Marbles And Mirrors,Diaa Sultan,Mystery,221,2011.0,Nile Press,Ali,Hegazy,7.0,Maadi,Active,2025-12-08
WEB_EVENT,1007,510,2025-07-07,Not Returned Yet,The Missing Metronome,Diaa Sultan,Mystery,134,2013.0,Cairo Young Readers,Sherif,Fouad,6.0,Maadi,Active,2025-08-18
WEB_EVENT,1073,530,2025-07-07,Not Returned Yet,The Sandstone Key,Sara Tantawy,Adventure,208,2012.0,Oasis Books,Yassin,Kamel,7.0,Zamalek,Inactive,2025-08-26
WEB_EVENT,1003,501,2025-07-08,Not Returned Yet,The Silver Kite,Amina Darwish,Adventure,128,2017.0,Nile Press,Bassel,Hegazy,6.0,Maadi,Active,2025-04-23
WEB_EVENT,1017,507,2025-07-11,Not Returned Yet,Fossils And Fireflies,Dalia Serry,Science,160,2024.0,Nile Press,Adam,Badr,9.0,Maadi,Active,2025-07-12
WEB_EVENT,1061,504,2025-07-06,Not Returned Yet,Rooftop Astronomers,Adel Roushdy,Science,319,2009.0,Cairo Young Readers,Ziad,Fahmy,9.0,Zamalek,Inactive,2023-04-27
WEB_EVENT,1041,512,2025-07-06,Not Returned Yet,The Cartographer'S Cat,Farida Anwar,Adventure,238,2022.0,Delta House,Nada,Rashad,7.0,Nasr City,Active,2024-04-02
